id,family,sameCut,expectedFirstKeptId,tokensBefore,b0_ok,b1_ok,b0_fromHook,b1_fromHook,b0_firstKept,b1_firstKept,b0_summaryTokens,b1_summaryTokens,b0_probeInput,b1_probeInput,b0_probeOutput,b1_probeOutput,b0_compactUsage,b1_compactUsage,b0_compactLatencyMs,b1_compactLatencyMs,b0_budgetMismatch,b1_budgetMismatch,b0_closedLoop,b1_closedLoop,b0_quality,b1_quality,b0_polarity,b1_polarity,b0_time,b1_time,b0_update,b1_update,b0_abstention,b1_abstention,b0_directiveCoverage,b1_directiveCoverage,b0_mustOmitLeak,b1_mustOmitLeak,b0_constraintViolation,b1_constraintViolation,b0_unsupported,b1_unsupported,b0_recovered,b1_recovered
th-00,tool-heavy,True,587dfbaf,6174,True,True,False,True,587dfbaf,587dfbaf,476,134,633,340,331,530,1611,0,10256,1440,False,False,0,1,0.75,1,0,1,1,1,1,1,1,1,0,1,1,0,0,0,0,0,False,True
th-01,tool-heavy,True,96b9bb43,6174,True,True,False,True,96b9bb43,96b9bb43,486,134,799,524,421,282,1589,0,9981,955,False,False,0,1,0.75,1,0,1,1,1,1,1,1,1,0,1,1,0,0,0,0,0,False,True
th-02,tool-heavy,True,d00b1b12,6174,True,True,False,True,d00b1b12,d00b1b12,504,134,840,522,133,74,1649,0,10751,1293,False,False,1,1,1,1,1,1,1,1,1,1,1,1,1,1,1,0,0,0,0,0,False,True
th-03,tool-heavy,True,cc89255d,6174,True,True,False,True,cc89255d,cc89255d,457,134,790,523,620,127,1581,0,9440,1136,False,False,0,1,0.75,1,0,1,1,1,1,1,1,1,0,1,0,0,0,0,0,0,True,True
th-04,tool-heavy,True,3454de28,6174,True,True,False,True,3454de28,3454de28,491,134,839,524,191,164,1644,0,11055,1690,False,False,0,1,0.75,1,0,1,1,1,1,1,1,1,0,1,1,0,0,0,0,0,False,True
th-05,tool-heavy,True,c45ebf79,6174,True,True,False,True,c45ebf79,c45ebf79,510,134,846,523,205,130,1645,0,10306,1109,False,False,0,1,0.75,1,0,1,1,1,1,1,1,1,0,1,1,0,0,0,0,0,False,True
th-06,tool-heavy,True,c51ed803,6174,True,True,False,True,c51ed803,c51ed803,405,134,747,523,143,358,1559,0,9260,1064,False,False,0,1,0.75,1,0,1,1,1,1,1,1,1,0,1,1,0,0,0,0,0,False,True
th-07,tool-heavy,True,19be9888,6174,True,True,False,True,19be9888,19be9888,460,134,552,283,289,104,1587,0,10141,1621,False,False,0,1,0.75,1,0,1,1,1,1,1,1,1,0,1,1,0,0,0,0,0,False,True
th-08,tool-heavy,True,047b9be7,6179,True,True,False,True,047b9be7,047b9be7,566,140,928,528,157,129,1714,0,11182,1009,False,False,1,1,1,1,1,1,1,1,1,1,1,1,1,1,1,0,0,0,0,0,False,True
th-09,tool-heavy,True,cd19d58f,6179,True,True,False,True,cd19d58f,cd19d58f,518,140,878,526,73,114,1664,0,10616,1045,False,False,1,1,1,1,1,1,1,1,1,1,1,1,1,1,1,0,0,0,0,0,False,True
th-10,tool-heavy,True,ff4b384e,6179,True,True,False,True,ff4b384e,ff4b384e,461,140,829,526,57,93,1644,0,10626,1369,False,False,1,1,1,1,1,1,1,1,1,1,1,1,1,1,1,0,0,0,0,0,False,True
th-11,tool-heavy,True,e8a0b0d0,6179,True,True,False,True,e8a0b0d0,e8a0b0d0,476,140,819,526,56,129,1627,0,10193,1167,False,False,1,1,1,1,1,1,1,1,1,1,1,1,1,1,1,0,0,0,0,0,False,True
th-12,tool-heavy,True,64c9596c,6179,True,True,False,True,64c9596c,64c9596c,497,140,850,527,70,111,1623,0,10420,1093,False,False,1,1,1,1,1,1,1,1,1,1,1,1,1,1,1,0,0,0,0,0,False,True
th-13,tool-heavy,True,bb32f3da,6179,True,True,False,True,bb32f3da,bb32f3da,419,140,771,528,144,92,1577,0,9614,1359,False,False,1,1,1,1,1,1,1,1,1,1,1,1,1,1,1,0,0,0,0,0,False,True
th-14,tool-heavy,True,4c4b344b,6179,True,True,False,True,4c4b344b,4c4b344b,471,140,862,528,95,107,1640,0,10373,1002,False,False,1,1,1,1,1,1,1,1,1,1,1,1,1,1,1,0,0,0,0,0,False,True
th-15,tool-heavy,True,288d6f4d,6179,True,True,False,True,288d6f4d,288d6f4d,555,140,916,527,64,131,1718,0,11498,1294,False,False,1,1,1,1,1,1,1,1,1,1,1,1,1,1,1,0,0,0,0,0,False,True
th-16,tool-heavy,True,c4c90fc4,6179,True,True,False,True,c4c90fc4,c4c90fc4,533,140,898,527,471,257,1716,0,11670,1403,False,False,1,1,1,1,1,1,1,1,1,1,1,1,1,1,1,0,0,0,0,0,False,True
th-17,tool-heavy,True,4d11ee7b,6179,True,True,False,True,4d11ee7b,4d11ee7b,491,140,862,527,70,129,1684,0,10921,970,False,False,0,1,0.75,1,0,1,1,1,1,1,1,1,0,1,1,0,0,0,0,0,False,True
th-18,tool-heavy,True,425382ac,6179,True,True,False,True,425382ac,425382ac,516,140,877,526,152,303,1683,0,11016,1417,False,False,1,1,1,1,1,1,1,1,1,1,1,1,1,1,1,0,0,0,0,0,False,True
th-19,tool-heavy,True,111354f5,6179,True,True,False,True,111354f5,111354f5,489,140,868,527,56,177,1675,0,10749,1201,False,False,1,1,1,1,1,1,1,1,1,1,1,1,1,1,1,0,0,0,0,0,False,True
ct-00,constraint,True,4628b2e8,6167,True,True,False,True,4628b2e8,4628b2e8,385,134,689,516,236,124,1306,0,7741,1110,False,False,1,1,1,1,1,1,1,1,1,1,1,1,1,1,0,0,0,0,0,0,True,True
ct-01,constraint,True,9b4914fb,6167,True,True,False,True,9b4914fb,9b4914fb,400,134,527,343,322,313,1287,0,7760,1369,False,False,1,1,1,1,1,1,1,1,1,1,1,1,1,1,0,0,0,0,0,0,True,True
ct-02,constraint,True,97ae8580,6167,True,True,False,True,97ae8580,97ae8580,341,134,468,333,387,186,1227,0,6483,964,False,False,1,1,1,1,1,1,1,1,1,1,1,1,1,1,0,0,0,0,0,0,True,True
ct-03,constraint,True,63400500,6167,True,True,False,True,63400500,63400500,454,134,590,332,368,542,1365,0,8426,961,False,False,1,1,1,1,1,1,1,1,1,1,1,1,1,1,0,0,0,0,0,0,True,True
ct-04,constraint,True,3116363a,6167,True,True,False,True,3116363a,3116363a,500,134,799,515,171,190,1385,0,8999,1179,False,False,1,1,1,1,1,1,1,1,1,1,1,1,1,1,0,0,0,0,0,0,True,True
ct-05,constraint,True,fd25d6ff,6167,True,True,False,True,fd25d6ff,fd25d6ff,405,134,716,516,271,99,1328,0,8101,1071,False,False,1,1,1,1,1,1,1,1,1,1,1,1,1,1,0,0,0,0,0,0,True,True
ct-06,constraint,True,a0ab2453,6167,True,True,False,True,a0ab2453,a0ab2453,433,134,539,318,269,172,1352,0,8728,1363,False,False,1,1,1,1,1,1,1,1,1,1,1,1,1,1,0,0,0,0,0,0,True,True
ct-07,constraint,True,e0ded45e,6167,True,True,False,True,e0ded45e,e0ded45e,476,134,554,292,169,109,1400,0,8956,1427,False,False,1,1,1,1,1,1,1,1,1,1,1,1,1,1,0,0,0,0,0,0,True,True
ct-08,constraint,True,a337dda8,6169,True,True,False,True,a337dda8,a337dda8,447,138,748,520,252,325,1413,0,9147,1209,False,False,1,1,1,1,1,1,1,1,1,1,1,1,1,1,0,0,0,0,0,0,True,True
ct-09,constraint,True,d22abb9a,6169,True,True,False,True,d22abb9a,d22abb9a,423,138,502,284,241,67,1372,0,9012,1386,False,False,1,1,1,1,1,1,1,1,1,1,1,1,1,1,0,0,0,0,0,0,True,True
ct-10,constraint,True,b1a1a8e7,6170,True,True,False,True,b1a1a8e7,b1a1a8e7,416,138,483,285,153,145,1343,0,8091,1094,False,False,1,1,1,1,1,1,1,1,1,1,1,1,1,1,0,0,0,0,0,0,True,True
ct-11,constraint,True,7931999d,6170,True,True,False,True,7931999d,7931999d,491,138,583,283,225,186,1438,0,9167,990,False,False,1,1,1,1,1,1,1,1,1,1,1,1,1,1,0,0,0,0,0,0,True,True
ct-12,constraint,True,0cde4994,6170,True,True,False,True,0cde4994,0cde4994,408,138,725,521,69,193,1351,0,8976,1732,False,False,1,1,1,1,1,1,1,1,1,1,1,1,1,1,0,0,0,0,0,0,True,True
ct-13,constraint,True,59e862a5,6170,True,True,False,True,59e862a5,59e862a5,406,138,508,306,117,118,1387,0,8572,1104,False,False,1,1,1,1,1,1,1,1,1,1,1,1,1,1,0,0,0,0,0,0,True,True
ct-14,constraint,True,d9669a31,6170,True,True,False,True,d9669a31,d9669a31,407,138,511,307,195,182,1340,0,8036,1043,False,False,1,1,1,1,1,1,1,1,1,1,1,1,1,1,0,0,0,0,0,0,True,True
ct-15,constraint,True,c0da67d4,6170,True,True,False,True,c0da67d4,c0da67d4,409,138,489,306,93,106,1314,0,8364,1530,False,False,1,1,1,1,1,1,1,1,1,1,1,1,1,1,0,0,0,0,0,0,True,True
ct-16,constraint,True,11760256,6170,True,True,False,True,11760256,11760256,422,138,529,307,141,84,1354,0,8925,1512,False,False,1,1,1,1,1,1,1,1,1,1,1,1,1,1,0,0,0,0,0,0,True,True
ct-17,constraint,True,b2d16348,6170,True,True,False,True,b2d16348,b2d16348,356,138,431,293,116,135,1251,0,7266,1115,False,False,1,1,1,1,1,1,1,1,1,1,1,1,1,1,0,0,0,0,0,0,True,True
ct-18,constraint,True,8a0b32f9,6170,True,True,False,True,8a0b32f9,8a0b32f9,479,138,536,293,152,134,1428,0,8961,1035,False,False,1,1,1,1,1,1,1,1,1,1,1,1,1,1,0,0,0,0,0,0,True,True
ct-19,constraint,True,d3d4fb4a,6170,True,True,False,True,d3d4fb4a,d3d4fb4a,359,138,676,521,1036,168,1322,0,7801,1047,False,False,1,1,1,1,1,1,1,1,1,1,1,1,1,1,0,0,0,0,0,0,True,True
tu-00,temporal-update,True,8071e095,6177,True,True,False,True,8071e095,8071e095,395,130,445,721,330,450,1290,0,7792,1415,False,False,0,0,0.5,0.25,1,0,0,0,0,0,1,1,1,0,0,0,0,0,0,0,True,True
tu-01,temporal-update,True,de18d745,6177,True,True,False,True,de18d745,de18d745,396,130,735,517,205,411,1333,0,8492,1868,False,False,0,0,0.5,0.25,1,0,0,0,0,0,1,1,1,0,0,0,0,0,0,0,True,True
tu-02,temporal-update,True,cefad1fa,6177,True,True,False,True,cefad1fa,cefad1fa,416,130,512,296,93,111,1315,0,8051,1318,False,False,0,0,0.25,0.25,0,0,0,0,0,0,1,1,0,0,0,0,0,0,0,0,True,True
tu-03,temporal-update,True,648ebc66,6177,True,True,False,True,648ebc66,648ebc66,444,130,546,295,513,77,1347,0,7816,1074,False,False,0,0,0.5,0.25,1,0,0,0,0,0,1,1,1,0,0,0,0,0,0,0,True,True
tu-04,temporal-update,True,325df9b6,6177,True,True,False,True,325df9b6,325df9b6,434,130,508,266,173,171,1352,0,9007,1705,False,False,0,0,0.25,0.25,0,0,0,0,0,0,1,1,0,0,0,0,0,0,0,0,True,True
tu-05,temporal-update,True,28892643,6177,True,True,False,True,28892643,28892643,368,130,461,265,111,346,1370,0,8770,1252,False,False,0,0,0.5,0.25,1,0,0,0,0,0,1,1,1,0,0,0,0,0,0,0,True,True
tu-06,temporal-update,True,55c515d1,6177,True,True,False,True,55c515d1,55c515d1,430,130,513,266,996,560,1378,0,8406,1059,False,False,0,0,0.5,0.25,1,0,0,0,0,0,1,1,1,0,0,0,0,0,0,0,True,True
tu-07,temporal-update,True,3ef71a5b,6177,True,True,False,True,3ef71a5b,3ef71a5b,482,130,562,722,139,302,1417,0,9371,1357,False,False,0,0,0.25,0.25,0,0,0,0,0,0,1,1,0,0,0,0,0,0,0,0,True,True
tu-08,temporal-update,True,03a037b4,6180,True,True,False,True,03a037b4,03a037b4,345,129,679,525,65,84,1344,0,7581,1169,False,False,0,0,0.25,0.25,0,0,0,0,0,0,1,1,0,0,0,0,0,0,0,0,True,True
tu-09,temporal-update,True,ede64132,6180,True,True,False,True,ede64132,ede64132,297,129,464,353,110,763,1278,0,7796,2002,False,False,0,0,0.5,0.25,1,0,0,0,0,0,1,1,1,0,0,0,0,0,0,0,True,True
tu-10,temporal-update,True,d995f5e6,6180,True,True,False,True,d995f5e6,d995f5e6,342,129,514,353,997,636,1324,0,7692,1274,False,False,0,0,0.25,0.25,0,0,0,0,0,0,1,1,0,0,0,0,0,0,0,0,True,True
tu-11,temporal-update,True,083e1e8e,6180,True,True,False,True,083e1e8e,083e1e8e,418,129,501,731,199,416,1382,0,9091,1557,False,False,0,0,0.25,0.25,0,0,0,0,0,0,1,1,0,0,0,0,0,0,0,0,True,True
tu-12,temporal-update,True,7aad089d,6180,True,True,False,True,7aad089d,7aad089d,274,129,610,516,113,142,1202,0,6340,1241,False,False,0,0,0.25,0.25,0,0,0,0,0,0,1,1,0,0,0,0,0,0,0,0,True,True
tu-13,temporal-update,True,37805fb9,6180,True,True,False,True,37805fb9,37805fb9,379,129,630,422,203,178,1311,0,7321,1019,False,False,0,0,0.25,0.25,0,0,0,0,0,0,1,1,0,0,0,0,0,0,0,0,True,True
tu-14,temporal-update,True,ec1d79e4,6180,True,True,False,True,ec1d79e4,ec1d79e4,362,129,473,306,134,234,1276,0,7054,942,False,False,0,0,0.25,0.25,0,0,0,0,0,0,1,1,0,0,0,0,0,0,0,0,True,True
tu-15,temporal-update,True,95b4b405,6180,True,True,False,True,95b4b405,95b4b405,364,129,499,307,57,200,1360,0,8722,1730,False,False,0,0,0.25,0.25,0,0,0,0,0,0,1,1,0,0,0,0,0,0,0,0,True,True
tu-16,temporal-update,True,f2292528,6180,True,True,False,True,f2292528,f2292528,392,129,520,307,98,45,1389,0,8477,974,False,False,0,0,0.25,0.25,0,0,0,0,0,0,1,1,0,0,0,0,0,0,0,0,True,True
tu-17,temporal-update,True,fc1be789,6180,True,True,False,True,fc1be789,fc1be789,333,129,446,303,121,344,1263,0,6639,949,False,False,0,0,0.25,0.25,0,0,0,0,0,0,1,1,0,0,0,0,0,0,0,0,True,True
tu-18,temporal-update,True,237931e5,6180,True,True,False,True,237931e5,237931e5,396,129,513,304,181,228,1333,0,7762,1339,False,False,0,0,0.5,0.25,1,0,0,0,0,0,1,1,1,0,0,0,0,0,0,0,True,True
tu-19,temporal-update,True,381d44ee,6180,True,True,False,True,381d44ee,381d44ee,406,129,526,305,278,752,1333,0,7985,1244,False,False,0,0,0.25,0.25,0,0,0,0,0,0,1,1,0,0,0,0,0,0,0,0,True,True
br-00,branch,True,6aedec79,6171,True,True,False,True,6aedec79,6aedec79,355,135,460,303,144,164,1394,0,8545,1253,False,False,1,1,1,1,1,1,1,1,1,1,1,1,1,1,0,0,0,0,0,0,True,True
br-01,branch,True,a169f490,6171,True,True,False,True,a169f490,a169f490,322,135,423,303,716,89,1265,0,7634,1621,False,False,1,1,1,1,1,1,1,1,1,1,1,1,1,1,0,0,0,0,0,0,True,True
br-02,branch,True,a7b0c997,6171,True,True,False,True,a7b0c997,a7b0c997,354,135,477,302,67,415,1395,0,8803,963,False,False,1,1,1,1,1,1,1,1,1,1,1,1,1,1,0,0,0,0,0,0,True,True
br-03,branch,True,78ddf3bc,6171,True,True,False,True,78ddf3bc,78ddf3bc,351,135,451,302,255,96,1361,0,9062,1532,False,False,1,1,1,1,1,1,1,1,1,1,1,1,1,1,0,0,0,0,0,0,True,True
br-04,branch,True,5ac3ccef,6171,True,True,False,True,5ac3ccef,5ac3ccef,331,135,443,302,361,263,1322,0,7821,1263,False,False,1,1,1,1,1,1,1,1,1,1,1,1,1,1,0,0,0,0,0,0,True,True
br-05,branch,True,827586e2,6171,True,True,False,True,827586e2,827586e2,375,135,472,302,384,215,1405,0,8827,1135,False,False,1,1,1,1,1,1,1,1,1,1,1,1,1,1,0,0,0,0,0,0,True,True
br-06,branch,True,b650da08,6171,True,True,False,True,b650da08,b650da08,325,135,445,303,204,364,1367,0,8577,1376,False,False,0,1,0.75,1,0,1,1,1,1,1,1,1,0,1,0,0,0,0,0,0,True,True
br-07,branch,True,79a50974,6171,True,True,False,True,79a50974,79a50974,375,135,479,302,186,288,1396,0,8931,1207,False,False,1,1,1,1,1,1,1,1,1,1,1,1,1,1,0,0,0,0,0,0,True,True
br-08,branch,True,32d392e1,6176,True,True,False,True,32d392e1,32d392e1,338,140,459,304,63,282,1346,0,8102,959,False,False,1,1,1,1,1,1,1,1,1,1,1,1,1,1,0,0,0,0,0,0,True,True
br-09,branch,True,83a1b29a,6176,True,True,False,True,83a1b29a,83a1b29a,299,140,400,305,126,108,1312,0,7385,981,False,False,1,1,1,1,1,1,1,1,1,1,1,1,1,1,0,0,0,0,0,0,True,True
br-10,branch,True,1c4cd934,6176,True,True,False,True,1c4cd934,1c4cd934,392,140,483,306,152,219,1392,0,8552,930,False,False,1,1,1,1,1,1,1,1,1,1,1,1,1,1,0,0,0,0,0,0,True,True
br-11,branch,True,7806948a,6176,True,True,False,True,7806948a,7806948a,397,140,498,305,73,177,1408,0,9182,1332,False,False,1,1,1,1,1,1,1,1,1,1,1,1,1,1,0,0,0,0,0,0,True,True
br-12,branch,True,98053706,6176,True,True,False,True,98053706,98053706,377,140,463,305,94,94,1362,0,8727,1217,False,False,1,1,1,1,1,1,1,1,1,1,1,1,1,1,0,0,0,0,0,0,True,True
br-13,branch,True,d3c7ff3e,6176,True,True,False,True,d3c7ff3e,d3c7ff3e,379,140,485,304,183,210,1378,0,8442,1170,False,False,1,1,1,1,1,1,1,1,1,1,1,1,1,1,0,0,0,0,0,0,True,True
br-14,branch,True,dbf01ade,6176,True,True,False,True,dbf01ade,dbf01ade,429,140,522,304,98,147,1440,0,9144,940,False,False,1,1,1,1,1,1,1,1,1,1,1,1,1,1,0,0,0,0,0,0,True,True
br-15,branch,True,b0602ed1,6176,True,True,False,True,b0602ed1,b0602ed1,305,140,422,299,128,74,1339,0,7688,951,False,False,1,1,1,1,1,1,1,1,1,1,1,1,1,1,0,0,0,0,0,0,True,True
br-16,branch,True,7fb2fa2f,6176,True,True,False,True,7fb2fa2f,7fb2fa2f,329,140,432,298,99,245,1361,0,8476,935,False,False,1,1,1,1,1,1,1,1,1,1,1,1,1,1,0,0,0,0,0,0,True,True
br-17,branch,True,34b27b68,6176,True,True,False,True,34b27b68,34b27b68,469,140,568,300,69,117,1438,0,9227,923,False,False,1,1,1,1,1,1,1,1,1,1,1,1,1,1,0,0,0,0,0,0,True,True
br-18,branch,True,fdbb6ec8,6176,True,True,False,True,fdbb6ec8,fdbb6ec8,398,140,712,527,87,95,1477,0,9688,984,False,False,1,1,1,1,1,1,1,1,1,1,1,1,1,1,0,0,0,0,0,0,True,True
br-19,branch,True,8f9e9eb1,6176,True,True,False,True,8f9e9eb1,8f9e9eb1,368,140,503,320,78,84,1381,0,8678,947,False,False,1,1,1,1,1,1,1,1,1,1,1,1,1,1,0,0,0,0,0,0,True,True
ov-00,overflow,True,532c30cf,6168,True,True,False,True,532c30cf,532c30cf,351,134,450,313,130,182,1581,0,8280,944,False,False,1,1,1,1,1,1,1,1,1,1,1,1,1,1,0,0,0,0,0,0,True,True
ov-01,overflow,True,4e15b8a6,6168,True,True,False,True,4e15b8a6,4e15b8a6,308,134,423,313,118,263,1503,0,6501,927,False,False,1,1,1,1,1,1,1,1,1,1,1,1,1,1,0,0,0,0,0,0,True,True
ov-02,overflow,True,7bbaa004,6168,True,True,False,True,7bbaa004,7bbaa004,353,134,441,313,47,210,1583,0,8677,1139,False,False,1,1,1,1,1,1,1,1,1,1,1,1,1,1,0,0,0,0,0,0,True,True
ov-03,overflow,True,fe789a57,6168,True,True,False,True,fe789a57,fe789a57,475,134,545,313,104,117,1658,0,9049,928,False,False,1,1,1,1,1,1,1,1,1,1,1,1,1,1,0,0,0,0,0,0,True,True
ov-04,overflow,True,d02dc017,6168,True,True,False,True,d02dc017,d02dc017,331,134,438,314,159,66,1516,0,6910,949,False,False,1,1,1,1,1,1,1,1,1,1,1,1,1,1,0,0,0,0,0,0,True,True
ov-05,overflow,True,ee68ea22,6168,True,True,False,True,ee68ea22,ee68ea22,421,134,462,284,129,108,1647,0,8988,1153,False,False,1,1,1,1,1,1,1,1,1,1,1,1,1,1,0,0,0,0,0,0,True,True
ov-06,overflow,True,1d08a66b,6168,True,True,False,True,1d08a66b,1d08a66b,294,134,419,313,61,77,1502,0,6942,1203,False,False,1,1,1,1,1,1,1,1,1,1,1,1,1,1,0,0,0,0,0,0,True,True
ov-07,overflow,True,4e668854,6168,True,True,False,True,4e668854,4e668854,359,134,430,284,341,161,1528,0,6991,976,False,False,1,1,1,1,1,1,1,1,1,1,1,1,1,1,0,0,0,0,0,0,True,True
ov-08,overflow,True,5c4262b8,6176,True,True,False,True,5c4262b8,5c4262b8,387,141,467,292,138,169,1564,0,8188,986,False,False,1,1,1,1,1,1,1,1,1,1,1,1,1,1,0,0,0,0,0,0,True,True
ov-09,overflow,True,515876ef,6176,True,True,False,True,515876ef,515876ef,319,141,402,295,151,182,1468,0,6494,944,False,False,1,1,1,1,1,1,1,1,1,1,1,1,1,1,0,0,0,0,0,0,True,True
ov-10,overflow,True,e20b3e79,6176,True,True,False,True,e20b3e79,e20b3e79,311,141,379,294,137,180,1511,0,7303,1280,False,False,1,1,1,1,1,1,1,1,1,1,1,1,1,1,0,0,0,0,0,0,True,True
ov-11,overflow,True,a9931bc8,6176,True,True,False,True,a9931bc8,a9931bc8,398,141,473,292,48,156,1632,0,8142,929,False,False,1,1,1,1,1,1,1,1,1,1,1,1,1,1,0,0,0,0,0,0,True,True
ov-12,overflow,True,6f734bcb,6176,True,True,False,True,6f734bcb,6f734bcb,412,141,472,293,123,69,1621,0,8146,958,False,False,1,1,1,1,1,1,1,1,1,1,1,1,1,1,0,0,0,0,0,0,True,True
ov-13,overflow,True,4d878220,6176,True,True,False,True,4d878220,4d878220,429,141,500,294,180,81,1684,0,9282,912,False,False,1,1,1,1,1,1,1,1,1,1,1,1,1,1,0,0,0,0,0,0,True,True
ov-14,overflow,True,8b632877,6176,True,True,False,True,8b632877,8b632877,439,141,506,293,157,228,1625,0,8612,960,False,False,1,1,1,1,1,1,1,1,1,1,1,1,1,1,0,0,0,0,0,0,True,True
ov-15,overflow,True,e85a3380,6176,True,True,False,True,e85a3380,e85a3380,371,141,449,294,124,201,1588,0,7950,973,False,False,1,1,1,1,1,1,1,1,1,1,1,1,1,1,0,0,0,0,0,0,True,True
ov-16,overflow,True,15af16d3,6176,True,True,False,True,15af16d3,15af16d3,407,141,475,293,65,97,1603,0,8825,1266,False,False,1,1,1,1,1,1,1,1,1,1,1,1,1,1,0,0,0,0,0,0,True,True
ov-17,overflow,True,bd39097b,6176,True,True,False,True,bd39097b,bd39097b,352,141,446,293,119,125,1601,0,8485,1407,False,False,1,1,1,1,1,1,1,1,1,1,1,1,1,1,0,0,0,0,0,0,True,True
ov-18,overflow,True,00d881a9,6176,True,True,False,True,00d881a9,00d881a9,392,141,461,291,115,137,1619,0,8919,1340,False,False,1,1,1,1,1,1,1,1,1,1,1,1,1,1,0,0,0,0,0,0,True,True
ov-19,overflow,True,422b83b6,6176,True,True,False,True,422b83b6,422b83b6,472,141,540,293,188,92,1668,0,9810,1319,False,False,1,1,1,1,1,1,1,1,1,1,1,1,1,1,0,0,0,0,0,0,True,True
